id,joke
1,Why did the contract break up with the policy? Too many clauses and no commitment.
2,I tried to read the company policy on vacation… turns out relaxation isn’t in the terms and conditions.
3,Our contract is so long the table of contents has its own appendix.
4,I asked legal if the contract was flexible. They said only in very specific circumstances.
5,The policy manual is 400 pages long—because common sense needed documentation.
6,I signed a contract once that said 'see attached.' There were 72 attachments.
7,Why do lawyers love contracts? Because every problem has a clause.
8,Our policy says we encourage innovation—as long as it’s pre‑approved in triplicate.
9,The contract said 'final version.' That was version 37.
10,I asked if the policy allowed creativity. HR said only after compliance review.
11,Contracts are just friendship agreements with footnotes.
12,The policy handbook is proof that someone once asked a very strange question.
13,The contract negotiation lasted so long the coffee machine demanded overtime.
14,Our policy says 'use good judgment.' Then it lists 50 examples of bad judgment.
15,I signed a contract and the fine print waved back at me.
16,The policy update email had 3 attachments and 0 explanations.
17,Contracts are where optimism meets legal reality.
18,The policy says 'business casual.' Apparently pajamas are not casual enough.
19,Why did the contract cross the road? To reach the arbitration clause.
20,Every policy started because someone once did something unbelievable.
21,Legal said the contract was simple. It only had 22 definitions for 'simple.'
22,The policy handbook is our corporate bedtime story.
23,The contract’s font size was so small even the microscope signed an NDA.
24,Our policy says meetings must have agendas. The agenda was 'meeting about meetings.'
25,Contracts: because 'trust me' isn’t legally binding.
26,The policy states employees must log out of common sense before reading it.
27,The contract said 'reasonable efforts.' We’re still debating what reasonable means.
28,Policy updates are like software updates: nobody reads them but everyone clicks agree.
29,The contract negotiation lasted longer than the project itself.
30,Our policy says transparency is key—except in the fine print.
31,I asked if the contract was binding. They said emotionally and legally.
32,The policy manual doubled in size after the office microwave incident.
33,The contract had so many signatures it looked like a celebrity autograph page.
34,The policy says 'don’t do that again.' It’s our most frequently used clause.
35,"Contracts are like onions—the more layers you peel, the more you cry."
36,"Our policy is simple: if it makes sense, check legal first."
37,The contract clause said 'subject to change.' Everything was subject.
38,"The policy manual has chapters, seasons, and spin‑offs."
39,The contract defined 'day' in three different ways.
40,"Our policy says no pets in the office, but apparently office plants are negotiable."
41,The contract said confidentiality. The printer disagreed loudly.
42,The policy handbook is basically a museum of past mistakes.
43,I tried to cancel a policy meeting but it required policy approval.
44,The contract’s appendix had its own appendix.
45,Our policy says to think outside the box—as long as the box is approved.
46,The contract clause read like a riddle written by lawyers.
47,The policy manual answers questions nobody knew to ask.
48,The contract negotiation was smooth until someone read it.
49,The policy says always follow policy—this policy included.
50,The contract had so many clauses it needed punctuation therapy.
51,Our policy update was so big it needed version control.
52,The contract looked small until you read the definitions section.
53,The policy handbook: where good ideas go for legal review.
54,The contract required initials on every page. My wrist filed a complaint.
55,The policy says teamwork matters—especially when reading legal language.
56,The contract had more revisions than a Hollywood script.
57,Our policy says communication is key—but the memo was confidential.
58,"The contract defined 'party.' Sadly, it was not fun."
59,The policy handbook is basically a survival guide.
60,"The contract negotiation included coffee, snacks, and existential questions."
61,The policy update email started with 'please read carefully.' Nobody did.
62,The contract clause was so confusing it asked itself for clarification.
63,Our policy says compliance is mandatory—even for the policy.
64,The contract took weeks to draft and seconds to misunderstand.
65,The policy says don’t panic. The legal team disagreed.
66,The contract required approval from people who didn’t know it existed.
67,Our policy manual should come with a map.
68,The contract negotiation ended when everyone agreed to disagree professionally.
69,The policy says documentation is important. We documented that.
70,The contract said 'best efforts.' Everyone tried their best to define it.
71,"The policy handbook is updated every time someone says 'wait, really?'"
72,The contract clause was so long it needed a coffee break.
73,Our policy says think before acting—but after reading 20 pages.
74,The contract included a 'miscellaneous' section that wasn’t miscellaneous.
75,The policy says report issues promptly—after filling three forms.
76,The contract negotiation was smooth until someone introduced reality.
77,The policy handbook has a chapter called 'don’t ask why.'
78,The contract said 'for the avoidance of doubt.' Doubt remained.
79,Our policy says be efficient—then adds five approval steps.
80,The contract had so many edits it looked like modern art.
81,The policy says employees are our greatest asset—right after compliance.
82,The contract clause read like a treasure map with no treasure.
83,Our policy update was so detailed it needed subtitles.
84,The contract required signatures in blue ink—legal’s favorite color.
85,The policy says transparency is key—except in legal jargon.
86,The contract negotiation ended with 'let’s revisit next quarter.'
87,Our policy manual has a section called 'lessons learned.' It’s very long.
88,The contract clause was so precise it forgot to be clear.
89,The policy says always escalate issues—preferably slowly.
90,The contract included 'mutual understanding.' Everyone interpreted it differently.
91,Our policy update was summarized in 12 bullet points and 30 pages.
92,The contract defined 'immediately' as 'within 30 business days.'
93,The policy says ask questions—but schedule them two weeks ahead.
94,The contract had so many pages the stapler requested backup.
95,Our policy manual is proof we survived previous meetings.
96,"The contract negotiation involved lawyers, coffee, and patience."
97,The policy says be proactive—but only within policy boundaries.
98,The contract clause required interpretation by another clause.
99,Our policy handbook is the office’s longest running series.
100,The contract said 'simple agreement.' Legal laughed.
